UserID,Title,InteractionType
1,sate jamur tahu,1
2,telur gulung sosis,1
3,tetelan sapi huh hah,1
4,egg roll lembut harum,1
5,oseng kikil tahu,1
6,tahu telur kubis bumbu kecap,1
7,tempe goreng asin,1
8,tahu mahkota   tahu bihun,1
9,ikan asin  t terong  tempe ,1
10,mie ayam abang ,1
11,tumis sarden telur ceplok ala fe ,1
12,tumis tahu dan tauge,1
13,sambal sarden,1
14,balado telur tahu teri pete pedes,1
15,siomay ayam udang,1
16,jamur goreng telur,1
17,tahu kecap sederhana,1
18,gulai tahu   kikil sapi,1
19,tempe santan,1
20,kare ayam ,1
21,opor tahu tempe telur puyuh,1
22,tahu telor sambal kecap,1
23,sukiyaki beef enoki dan tahu,1
24,somay ikan tuna,1
25,orek tempe basah bumbu ulek  recook ,1
26,roti telur keju,1
27,sambal kentang   bakso sapi,1
28,ikan kembung rica rica,1
29,tahu telur puyuh saos teriyaki  resep akhir bulan,1
30,tumis beef burger  menu balita  y  ,1
31,pindang patin,1
32,tahu krispi saus telur asin,1
33,gule lele plus ,1
34,telur dadar,1
35,mie tulang ayam,1
36,asam padeh ikan tuna,1
37,semur jantung sapi,1
38,beef black pepper  daging lada hitam  simple,1
39,orek tempe,1
40,baso ikan tuna,1
41,semur kecap tahu telur,1
42,oseng oseng tulang kambing pedas,1
43,ayam   tempe geprek keju melt,1
44,nasi goreng ati ampla nughet   telor,1
45,tongseng kambing empuk,1
46,daging sapi lada hitam,1
47,cah udang dan kol,1
48,spicy chicken drumstick,1
49,sop kacang merah daging sapi,1
50,asem asem kambing anti gagal,1
44,tumis buncis tempe,1
3,egg curry homemade,1
7,ayam koloke,1
9,chicken nugget,1
18,somay ikan tuna,1
25,ikan mas bakar terasi,1
14,ayam panggang teflon,1
9,telor sambel pete,1
2,telur ceplok kecap,1
28,kembang telor kuah telor,1
7,sosis telur gulung,1
8,udang goreng tepung,1
35,ayam goreng bumbu kuning,1
17,mie goreng udang polos tanpa sayur,1
50,udang balado pedas,1
4,sayur bening bata jawo bayem tahu jagung wortel ,1
6,sate kambing,1
42,tahu ayam udang,1
29,tongseng kambing,1
18,tongseng daging kambing,1
44,chicken katsu,1
10,udang saus lada hitam,1
36,ikan dencis bumbu sarden pedas nyemek nyemek,1
31,tongseng sapi,1
15,ikan lele masak kuah,1
14,tumis kangkung tempe bosok,1
40,tahu tempe isi mercon,1
16,oseng udang pedas ,1
18,spaghetti aglio olio grill beef spice tomat sauce,1
24,kerupuk nasi  udang,1
25,tongseng sapi,1
45,oseng tahu campur,1
29,ayam goreng tepung,1
45,ayam cabe ijo,1
25,udang telur asin,1
9,menu telur dadar ala ala padang,1
1,nasi goreng kambing,1
24,sup tahu pedas,1
11,tempe mendoan,1
17,nila goreng gurih,1
35,pesmol gurame,1
33,suwir tongkol brokoli,1
5,tempe tepung sajiku,1
39,tumis broccoli tahu jepang dengan saus tiram,1
41,semur ati ayam  telur puyuh  tahu,1
7,mie ayam lezat,1
8,beef yakiniku,1
34,semur tahu kecap daun bawang,1
48,sop kaki kambing,1
23,udang  tempe  terong balado,1
24,beef teriyaki,1
35,kambing ungkep,1
40, sate kambing goreng lada hitam,1
27,kering tempe cabjo,1
1,udang saus asam manis,1
37,udang goreng tepung,1
14,gulai kambing makassar,1
1,tumis sawi  tahu cambah ,1
26,sop kaki kambing,1
14,sambel ati sapi,1
27,ikan tongkol masak lemak kemangi,1
15,daun singkong pepes udang tahu  praktis,1
26,orek tempe cabai hijau,1
13,tumis oyong wortel tempe,1
32,gulai kambing,1
49,nasi kambing  nasi arab ,1
32,udang goreng tepung pedas,1
30,ikan mas goreng,1
23,yamie ayam,1
45,sayur tempe lombok ijo,1
43,soup tulang kambing ,1
36,nasi goreng kari kambing,1
32,udang telur asin,1
22,tumis jamur tiram udang,1
2,tongseng kambing,1
45,udang  tempe  terong balado,1
6,rendang daging sapi,1
28,tumis tempe kacang panjang sederhana,1
44,telur ceplok kecap,1
30,udang saus lada hitam,1
11,tempe goreng tepung ekonomis,1
28,pindang telur  kecap ,1
39,spicy chicken drumstick,1
33,telur dadar toping daging cincang ala debm,1
27,udang saus lada hitam,1
13,udang goreng mentega,1
3,schotel telor,1
6,tahu telur bumbu kacang khas malang,1
27,sop tulang kambing,1
37,orak arik telur buncis,1
42,kambing ungkep,1
24,perkedel jagung cheddar  spesial udang dan lembut ,1
32,tempe bacem,1
24,potatoes cheese with egg,1
49,udang saus tiram  menu balita   bulan ,1
49,patin asam pedas,1
12,sandwich tempe jeletot,1
39,kimchi jeon   telur dadar kimchi ala korea,1
3,tongkol tahu kuah santan,1
37,embes embes tempe banyumasan,1
17,sate kambing solo sambal kecap,1
49,ayam goreng tulang lunak,1
2,ayam bacem uenakkk,1
23,udang ala pop corn,1
33,cekodok sarden,1
19,tahu tempe bacem ala anak kost,1
2,tim tahu,1
44,tongseng daging kambing,1
32,tempe tahu bacem,1
32,ayam goreng balado,1
4,kentang telor kecap simple,1
11,tahu   tempe   teri pedas manis,1
17,kornet sapi,1
38,ikan dencis bumbu kuning cabe rawit,1
5,ice cream susu sapi,1
34,    ayam penyet,1
22,udang saos barbeque,1
48,tahu ayam udang,1
33,tahu bulat simple,1
6,mujair nyat nyat khas bali,1
29,cah buncis udang cumi   menudiet debm,1
20,tongseng sapi,1
36,nuget ikat patin ala mbak am,1
26,balado udang pete,1
19,lodeh tatem tahu tempe ,1
32,gulai tempe telor,1
41,soto seger daging sapi,1
40,tempe goreng tepung ekonomis,1
39,tumis sarden banten   tahu,1
40,sate kambing ,1
11,tumis mercon udang terasi,1
25,pepes tahu   udang,1
23,brokoli telur maizena,1
30,ati ampela plus telur sambel tomat,1
35,balado tongkol   tahu,1
16,balado ikan cakalang dan telur,1
48,tahu cabe garam,1
49,ayam goreng tulang lunak,1
1,telor kecap,1
12,tim ikan kakap merah ala fe ,1
37,tahu paprika teriyaki ala fe ,1
9,potatoes cheese with egg,1
35,tempe goreng ketumbar,1
48,japanese chicken katsu curry,1
3,nila goreng cabe ijo,1
24,ayam tepung,1
33,bakwan sayur udang,1
11,embes embes tempe banyumasan,1
8,orak arik telur,1
38,ayam goreng ala kentucky,1
20,avocado tuna salad,1
35,sayur tahu cabe kentang,1
25,soto ayam special,1
25,sop udang simpel,1
18,sate udang goreng,1
46,tumis sarden banten   tahu,1
2,sate goreng sapi,1
35,tumis kacang panjang   tempe simple ,1
41,cap cay ayam,1
4,brokoli tumis daging sapi,1
14,tempe goreng telur,1
48,tumis udang kangkung,1
8,tahu tempe bacem,1
3,spageti tuna keju,1
33,sop kambing,1
12,beef blackpaper sederhana,1
22,oseng buncis cambah telor sosis,1
22,sayur asem kacang merah daging sapi,1
30,mie geprek  mie   ayam geprek ,1
38,rendang telor,1
8,telor penyet sambel geprek,1
27,semur hati ayam dan kentang ala bunda raffa  no msg ,1
21,rendang daging sapi,1
33,steak tenggiri perdana,1
47,kwetiau rebus daging sapi,1
33,tim ikan kakap merah ala fe ,1
48,tongseng kambing,1
4,asem asem balungan  tulang kambing   ,1
49,orek tempe kacang teri simple,1
17,tahu rambutan,1
28,tongseng ayam tahu,1
29,batagor tahu bumbu kacang,1
6,soto ayam special,1
41,kari tahu dan telur,1
24,seblak telor,1
49,lele sambel kemangi terasi,1
31,sambal goreng kentang cornet tahu,1
33,tahu fantasi,1
21,asem asem tetelan sapi,1
23,tahu krispi saus telur asin,1
3,sambal ayam gecok sederhana,1
18,bubur udang asparagus saos madu,1
42,bakso ayam udang keto,1
3,udang balado pedas,1
46,tumis udang kikil,1
50,telur bumbu bali,1
47,resep daging sapi kuah pedas,1
23,bulgogi daging sapi simpel,1
27,sambel tomat ikan nila,1
2,tumis bayam udang,1
17,gadon tahu,1
33,pindang tongkol goreng telur,1
43,chicken nibbles crispy super easy,1
48,kupat tahu  tanpa kupat ,1
29,ayam   tempe geprek keju melt,1
26,udang goreng bawang putih,1
50,tumis kentang daging sapi,1
24,nasi goreng kari kambing,1
7,udang saus mentega,1
36,kambing goreng bumbu sate  nomsg,1
20,tongkol sarden pete uendesss,1
8,tongseng kambing,1
46,nugget ikan tuna,1
14, notitle ,1
23,perkedel tahu sayur super kilat,1
28,kentang goreng dan orek telor,1
2,udang sambal pete,1
23,sambal goreng kentang udang pete,1
22,ayam suwir ala bali   ayam sisit,1
25,tempe balado orek tempe,1
22,pindang tongkol bumbu tomat,1
22,ikan tenggiri pesmol segar,1
42,rolade kornet sapi,1
15,tahu dangdut,1
43,garang asem patin,1
37,daging sapi cincang  isian roti goreng ,1
8,tim tahu,1
44,tumis tempe kacang panjang sederhana,1
5,sate jamur tahu,1
4,mie goreng sapi brokoli,1
45,sambal goreng hati sapi kentang,1
30,sayap goreng bumbu ngo hiang,1
35,rawon iga sapi ala atha,1
40,udang simpel,1
16,mujair bumbu pepes,1
50,bubur oatmeal kambing syurbah lahm,1
42,tempe melet seuhah,1
19,kambing lado merah,1
19,nugget tempe bumbu kuning,1
26,sate daging sapi kambing happy call,1
26,ayam kecap pedas,1
23,tahu cabe garam pk daun jeruk,1
9,martabak mini tahu udang,1
1,sayur oseng buncis tahu,1
1,udang goreng tepung,1
34,tahu gejrot,1
48,oseng   oseng tempe,1
40,buncis cah telur,1
1,tahu telor malang sederhana,1
39,tongseng iga kambing,1
5,rendang daging sapi istimewa,1
29,ayam goreng balado,1
3,oseng tahu goreng coklat with kol kubis,1
26,keripik tempe kobe,1
37,tahu saos padang,1
29,udang saus mentega,1
28,tumis tahu kacang panjang,1
47,tahu kuning lada garam,1
30,udang goreng tepung,1
5,pepes tahu,1
16,macaroni schotel dgn ayam,1
26,ikan patin asam padeh  pedas ,1
21,sop iga kambing,1
36,telur dadar ala rm padang,1
30,asem asem patin,1
23,udang goreng tepung sederhana,1
10,udang saus asam manis ,1
5,tahu kecap sederhana,1
34,semur telur kentang tahu,1
31,udang pete saos tiram pedes,1
19,patin asam pedas,1
32,bakso sapi   udang cah paprika,1
5,tongseng kambing enak,1
16,rawon daging sapi,1
16,daun singkong pepes udang tahu  praktis,1
2,nila bakar,1
28,sayur asem lamur sapi  lemak sapi ,1
32,orak arik telur baso sosis,1
20,tempe santan,1
12,kambing masak tomat   daging empuk  tidak bau  dan anti ribet,1
35,ikan mujair sambal pete,1
33,balado udang pete,1
43,tumis pucuk pepaya vs tempe,1
12,udang saus tiram,1
1,mie rebus telur pedes,1
40,udang baso ikan praktis pedas,1
43,nugget tempe keju,1
29,balado tongkol dan terong  torong ,1
12,tempe penyet kemangi icha,1
46,tumis jagung udang papay,1
50,ayam panggang saos kecap,1
23,sop iga sapi segar,1
26,lidah sapi cabe hijau,1
29,kerupuk nasi  udang,1
10,sambal tempe semangit,1
34,ayam mentega,1
41,udang nugget balado,1
4,bekal sehat dengan beef bbq,1
50,perkedel tempe,1
11,pepes  pais  patin,1
36,nasi goreng kambing ala kebon sirih,1
21,bakso tahu goreng saus pedas,1
36,telur petis teman lontong sayur,1
37,sarden   sosis,1
24,ayam kecap semur,1
35,ayam dan tempe goreng kunyit,1
35,kering tempe renyah,1
18,tahu kuning lada garam,1
39,ayam geprek,1
24,bistik kambing sambal matah,1
32,ayam goreng bumbu kuning,1
12,sayur obor daun katuk   teri telur,1
13,tuna tepung siram saus,1
25,semur hati sapi,1
41,udang bakar madu ,1
17,udang asam manis glowing,1
20,sambal gami udang,1
25,telur dadar cah tauge,1
13,sate kambing solo sambal kecap,1
19,ayam geprek diet fatsecret kalori    ,1
36,tuna sambal goreng,1
41,nasi goreng udang mantapp,1
12,ikan nila  saos pedas asam manis ,1
7,tumis jamur tiram udang,1
14,tongseng daging kambing,1
19,tumis kacang panjang tempe,1
47,tahu ayam udang,1
5,sambal goreng kentang cornet tahu,1
12,tahu nagih,1
21,nasi sosis gulung telur,1
23,sapo tahu simple,1
39,ayam kfc ala nr,1
42,tumis sayur asin cah baso dan tahu goreng,1
39,mangut ikan gabus,1
31,nasi goreng kambing  maanfatin punjungan aqiqah ,1
5,lodeh tongkol tahu pedas,1
23,tongseng kambing  instant pot ,1
43,sayur udang kuah santan,1
18,orak arik telur daging sapi,1
12,tahu kuah kuning simple,1
10,sapi cah kailan,1
44,oseng  sapi cabe gendot,1
38,jangan tempe tahu,1
46,tempe goreng super crispy   lembut,1
40,semur ayam,1
9,rawon daging sapi khas jawa timur,1
27,nasi goreng kambing  maanfatin punjungan aqiqah ,1
2,tempe goreng sederhana,1
29,tahu jeletot jelutut,1
38,tenggiri rica rica,1
8,sarden ikan pindang tempe pedas adam manis,1
45,nasi goreng udang pete,1
22,gulai kambing,1
17,oseng oseng tulang kambing pedas,1
7,ayam bakar bumbu kari,1
45,tahu isi kw debm,1
36,bakwan tahu teri nasi,1
31,tumis pokcoy udang,1
44,sayur lodeh tahu,1
39,ayam pedas kemangi,1
10,udang goreng mentega gurih,1
19,seblak mie tulang ayam,1
3,kalio ayam ala diana s kitchen,1
13,tumis daging sapi,1
28,tahu tempe bacem ala anak kost,1
20,gurame panggang teplon bumbu padang ,1
8,daging sapi masak kecap,1
41,tumis udang pete,1
1,ikan sarden kalengan,1
13,ikan kembung sarden,1
49,cheese egg bread toast,1
33,sate daging sapi rempah,1
6,ayam masak kluwek,1
44,kambing goreng bumbu sate  nomsg,1
32,kalio ayam ala diana s kitchen,1
47,sate tahu crispi,1
16,pizza sosis sapi keju simple dgn teflon,1
21,sop ceker vs pala ayam,1
37,tempe mendoan,1
35,tempe goreng ketumbar,1
20,   telur dadar kelapa parut,1
18,sayap goreng bumbu ngo hiang,1
41,telor dadar sayuran,1
14,perkedel tahu sayur super kilat,1
31,oseng teri tempe cabe hijau,1
3,nasi kebuli kambing,1
23,udang pete balado ala ugrdkitchen,1
11,kikil tahu sambal,1
10,sop kambing,1
16,sop daging sapi,1
38, notitle ,1
24,tongseng kambing lamb,1
8,pentol tahu,1
28,gulai kambing pedas,1
26,tempe mendoan goreng,1
50,gorengan kambing,1
28,sop iga sapi kekinian,1
41,gulai kambing ala momz rafbyan,1
27,sate kambing,1
17,tahu bulat simple,1
33,tempe tahu kecap cabe ijo,1
13,pindang kambing ala khambec,1
48,asem asem iga sapi  ketopad,1
13,kering tempe,1
35,telur bulet sambel terong,1
6,orak arik tempe tahu teri,1
5,tumis udang dan tahu,1
25,dori fillet bawang goreng,1
10,sapi saus tiram   bakso   lada hitam,1
30,telur dadar daging,1
45,tumis sawi  tahu cambah ,1
33,mangut lele asam pedas,1
1,ayam ukep,1
32,cah sawi putih campur telur,1
49,perkedel udang,1
21,semur kecap tahu telur,1
25,udang goreng tepung,1
27,sate kambing ala jatim,1
13,balado udang pete,1
34,opor ayam kuah susu    ,1
35,oseng oseng tulang kambing pedas,1
1,tongkol balado rawit,1
48,rawon iga sapi ala atha,1
6,gurame panggang teplon bumbu padang ,1
17,kroket daging kambing   tips agar kambing ga bau prengus,1
31,temro tempe dijero  didalam ,1
38,sop tulang sapi  sederhana ,1
23,batagor  bakso tahu goreng  ala rumahan anti gagal,1
37,sate kambing manis gurih,1
10,steak ayam saos lada hitam,1
17,tahu telur ikan tuing masak santan,1
14,sarden   sosis,1
46,ayam woku manado,1
45,marak kambing,1
4,sambal terasi pnyet telur,1
1,gulai iga sapi lezaat ,1
40,udang sambal pete,1
34,lumpia rebung  ebi  telur,1
31,tahu telur kubis bumbu kecap,1
39,ayam asam manis,1
34,balado ikan pari asap,1
3,tumis buncis udang,1
50,   pesmol ikan kerapu,1
1,tahu dangdut,1
44,tuna lapis oat,1
30,lumpia udang kulit tahu ala fe ,1
17,kambing mercon ala ovi,1
47,tongseng daging sapi,1
15,telur ceplok masak kecap,1
21,udang goreng tepung saus asam manis,1
2,tim ayam bawang,1
39,telur dadar gulung korea  gyeranmari ,1
34,sambal kentang   bakso sapi,1
50,ayam ukep bumbu bebek,1
18,rendang daging sapi,1
15,kulit sapi bumbu santan kering,1
34,pindang tongkol selimut telur,1
38,telur ceplok balado sumatra,1
24,telur ceplok teri bumbu merah ala fe ,1
30,spicy beef teriyaki  uenakk ,1
42,tumis toge dan tempe simple gak pake lama,1
17,ayam geprek bensu,1
29,iga sapi   ayam bakar madu,1
10,ayam panggang,1
17,telur kornet keto,1
17,kering tempe,1
20,beef oseng kecap,1
5,tongseng kambing ,1
6,ayam masak kicap ala malay,1
2,gulai ayam,1
43,ayam asam manis rumahan citarasa resto,1
48,udang telur balado,1
47,lumpia isi daging sapi   kol,1
23,perkedel tahu simpel,1
16,sambal ayam penyet,1
11,sambal balado telur dan ikan cue,1
16,tumis toge tempe kecap,1
4,tenggiri kuah asam pedas,1
4,tumis tempe kemangi,1
25,sawi tahu kuah sederhana,1
32,sawi tahu kuah sederhana,1
27,steak ayam panir keju,1
32,pepes tahu   udang,1
19,siomay ayam udang,1
5,balado telur,1
28,tongseng kambing,1
22,macaroni telur,1
6,oseng teri tempe cabe hijau,1
5,ayam kecap sederhana,1
12,balado ikan cakalang dan telur,1
46,tongseng kambing ,1
49,tumis buncis tahu pedas,1
26,udang goreng pedas gurih,1
27,stik tahu  gorengan sehat  dengan bahan seadanya,1
26,gurame saus padang,1
47,sambal goreng kentang  tahu pete,1
22,ayam kemiri ketofy,1
30,ayam suwir sambal matah,1
48,tumis kacang panjang tempe,1
17,tahu cabe garam,1
36,telur dadar sawi tauge,1
8,terik daging kambing simpel,1
35,telur bulet sambel terong,1
15,spageti saus sarden balado keju,1
22,sop kambing,1
26,nugget ayam wortel,1
23,ayam jamur barbecue,1
24,kimchi jeon   telur dadar kimchi ala korea,1
45,nasi kambing oven,1
14,sate kambing solo sambal kecap,1
7,tahu balado aku,1
47,tongseng daging sapi,1
46,lele bumbu kuning,1
47,kering tempe,1
45,telor ceplok asam jawa,1
38,gulai kambing special,1
15,tahu telur puyuh saos teriyaki  resep akhir bulan,1
25,oseng tempe lombok ijo,1
37,nugget ayam wortel,1
10,kupat tahu  tanpa kupat ,1
17,telur dadar padang,1
22,telur gulung ikan kembung,1
44,kambing goreng empuk,1
17,cireng isi tempe renyah,1
20,ayam kacang panjang saos hoisin,1
4,telur petis teman lontong sayur,1
3,ayam kecap sederhana,1
45,mangut tongkol tahu,1
47,opor ayam pedas,1
47,tumis telor sosis manis,1
34,tongseng kambing  santan version    ala widi,1
8,nugget udang tahu  nugget uhu ,1
49,semur jantung sapi,1
19,orek tempe cabai hijau,1
41,nasi kabsah kambing  pr asianfood,1
6, notitle ,1
26,tahu tempe telor bumbu bali ala mommies,1
34,kare ayam telor ala mamais,1
45,somay ayam udang empuk,1
37,omelet telur panggang ala thailand,1
33,pempek udang rebon isi telur dadar,1
22,pindang patin,1
6,tahu tempe bacem,1
48,tongseng kambing enak,1
30,sambel goreng hati sapi endesss,1
30,tempe penyet kemangi icha,1
24,rawon iga sapi ala atha,1
9,spicy beef teriyaki  uenakk ,1
3,ayam kecap bumbu giling,1
31,sapo tahu saus telur asin,1
37,tongseng kambing tanpa santan,1
24,tumis tahu sayur,1
6,telur ceplok tauco,1
20,tempe goreng tepung sejuta umat,1
11,ayam geprek,1
15,asem asem kambing,1
49,tempe cabe garam,1
38,beef lasagna kukus,1
2,brokoli siram sapi lada hitam,1
11,sate telur,1
26,sandwich telur mayo,1
45,sandwich isi telor dadar,1
5,hot tuna puffs super simple,1
26,tahu tempe bacem,1
4,tumis pokcoy udang,1
20,garang asem ati ampela ceker ayam,1
20,soto ayam kediri,1
12,sate kambing,1
1,spicy chicken wings keto low carb,1
14,sarden abc masak kemangi,1
38,ca buncis brokoli udang wortel,1
11,sambal tempe bosok,1
36,tumis sawi sendok pete daging sapi,1
43,gurame tahu tauco,1
33,sop kaki sapi,1
50,ayam saos asam manis simple,1
5,homemade soury shrimp pasta,1
10,ayam goreng sambal matah,1
2,semur ayam kentang ala mama kirana,1
40,tempe mendol,1
20,tongkol sarden pete uendesss,1
37,nasi goreng tempe salmon,1
17,beef yakiniku ala rhpawonalit,1
11,semur daging sapi,1
24,oseng tempe buncis,1
35,tempe cabe garam,1
31,udang crispy,1
5,sup gurame honje,1
44,pepes tahu   udang,1
14,shrimp with salted egg sauce,1
11,tahu tempe telor bumbu bali ala mommies,1
34,lontong kikil kaki kambing,1
35,kering tempe cabjo,1
1,balado ikan cakalang dan telur,1
22,orek tempe basah cabe ijo,1
29,misoa udang  batita ,1
11,sop kaki sapi rempah,1
37,ikan dencis bumbu sarden pedas nyemek nyemek,1
30,telur korea,1
21,tahu jeletot jelutut,1
5,lapis daging sapi,1
14,telor ceplok cabe hijau,1
4,bakarica kambing,1
45,tahu aci walik crispy ekonomis,1
25,tongkol balado simpel,1
40,misoa udang  batita ,1
39,spaghetti kambing keju,1
14,lidah sapi saus inggris,1
38,udang saos tiram pedas,1
23,pindang tulang  kambing ,1
15,daging sapi cincang  isian roti goreng ,1
25,ayam cabai hijau,1
33,sapo tahu no seafood,1
2,udang saus mentega,1
40,ayam goreng ala kentucky,1
39,udang asam manis,1
6,orak arik tempe,1
3,pempek tengiri,1
8,sop tulang iga kambing,1
15,tahu   tempe   teri pedas manis,1
29,telur dadar ala rm padang,1
30,telur dadar padang,1
27,ikan sarden campur telur ala anak kosan,1
29,tengkleng kambing manis,1
33,bakso tahu goreng saus pedas,1
37,sarden abc ceplok telor ekstra pedas,1
33,tumis labu siam dan telur,1
4,tongseng daging kambing,1
2,ayam dan tempe goreng serundeng,1
5,tempe bacem endeussss,1
10,beef balado,1
38,udang teriyaki,1
31,tumis jamur bakso sapi ,1
36,sambal goreng udang buncis,1
24,sup brenebron daging sapi endesss,1
15,tahu fantasi,1
8,telur gulung korea roll egg korean,1
29,sayap goreng bumbu ngo hiang,1
4,rendang sapi simple,1
45,ayam serundeng,1
27,sambal ayam penyet,1
36,telur teri balado hijau,1
26,balado kentang udang,1
27,ayam penyet ala sy,1
20,mie ayam homemade by suami,1
10,gulai tahu   kikil sapi,1
38,tahu isi,1
8,ayam suir bali  bemesere bali ,1
47,balado ikan cakalang dan telur,1
46,lele bumbu kuning,1
12,macaroni schotel dgn ayam,1
13,oseng tempe buncis,1
18,beef bowl   ,1
33,tahu   tempe   teri pedas manis,1
40,rawon sapi,1
43,maklor  makaroni telor ,1
44,klotok cabe ijo,1
48,seblak toge telur,1
5,daging sapi lada hitam,1
37,misoa udang  batita ,1
42,tahu kuning lada garam,1
28,udang  tempe  terong balado,1
9,balado tongkol   tahu,1
29,lumpia ayam telur,1
40,nasi goreng komplit  sosis  bakso ikan dan telor ceplok ,1
22,sayur nangka kelapa sengara  iga sapi   enakkk,1
23,tumis udang sayur,1
46,tumis pucuk pepaya vs tempe,1
21,telor sambel pete,1
46,ikan sarden campur telur ala anak kosan,1
23,beef teriyaki,1
1,udang saos tiram,1
40,udang saus bakso pedas manis,1
21,gulai tempe telor,1
9,tahu telor sambal kecap,1
9,ayam geprek,1
26,rawon daging sapi,1
35,pindang tulang  kambing ,1
25,sambal tempe semangit,1
11,udang saus inggris,1
2,udang nugget balado,1
18,baso ikan tuna,1
34,pempek adaan tenggiri,1
17,sate kambing empuk,1
43,beef blackpaper sederhana,1
44,oseng tetelan sapi,1
24,ayam kacang panjang saos hoisin,1
7,semur telur kentang tahu,1
6,sayur tempe mix tahu alaala kari,1
24,tahu krispi saus telur asin,1
49,otak otak ikan tengiri,1
43,kari kambing keluarga,1
26,fillet ayam bumbu caramel ala lila s kitchen,1
50,sup telur jagung manis,1
49,pokcoy baso sapi,1
17,tumis sarden banten   tahu,1
41,sate kambing ala jatim,1
20,tempe jeletot,1
22,gurame panggang teplon bumbu padang ,1
40,gulai kambing,1
7,tumis udang sayur,1
32,sate tahu   tempe  teflon ,1
30,chiken mushroom teriyaki,1
19,sambal balado telur bumbu rebus,1
32,tongseng kambing,1
29,telor dadar sayuran,1
45,bola telur goreng,1
30,sapo tahu simple,1
40,tempe   tahu bacem,1
18,bakso sapi   udang cah paprika,1
14,rolade telur,1
47,pepes tahu kekinian,1
2,sate kambing,1
28,tongkol tahu kuah santan,1
50,tahu isi sambal,1
38,beef lasagna kukus,1
4,mie goreng udang sosis,1
8,asem asem iga sapi  ketopad,1
39,kering tempe,1
32,rendang daging sapi kentang,1
10,pelas udang,1
46,chicken katsu,1
33,ayam bumbu betutu,1
28,udang sambal pete,1
50,telur krispi,1
29,perkedel tahu,1
1,acar ikan nila,1
3,peyek udang,1
23,mangut lele   tempe,1
8,tahu dangdut,1
47,telur ceplok masak kecap,1
3,tumis caisin tahu,1
33,nugget tempe bumbu kuning,1
47,telur rebus cuma   menit bener  hemat gas dan waktu ,1
34,tahu udang tauco,1
32,tahu kriting bawang,1
14,telur bumbu bali,1
46,pindang patin,1
16,sup ikan patin,1
37,ayam geprek simple,1
21,soto sapi bandung,1
31,rawon iga sapi ala atha,1
48,tumis udang brokoli minimalis,1
7,dory fish popcorn ,1
7,bacem tahu tempe,1
23,tahu telur ikan tuing masak santan,1
19,plecing kacang panjang   tempe pedas manis,1
19,kering tempe renyah,1
29,tongseng kambing empuk,1
18,oseng kambing kecap asam manis simple,1
1,tumis jamur bakso sapi ,1
5,tumis udang kangkung,1
11,daging kambing bumbu rica rica,1
2,daging kambing tumis,1
23,oseng tahu,1
12,tumis pedas manis tempe buncis,1
5,beef teriyaki,1
38,telor balado,1
30,sop kaki sapi,1
34,tim tahu,1
44,udang goreng bawang putih,1
22,telur dadar bumbu kemiri,1
24,tengkleng kambing khas solo tanpa santan,1
10,lodeh krecek tahu tempe,1
46,tumis kangkung tempe bosok,1
32,tongseng daging kambing sederhana,1
50,lontong tahu,1
17,sop kambing,1
9,pete kambing kecap,1
2,tumis ayam wangi,1
25,schotel telor,1
9,udang saus asam manis ,1
22,semur kering telur kentang,1
46,ayam geprek,1
26,patin asam pedas,1
29,tahu tempe pedes manis,1
34,tumis kangkung tempe bosok,1
37,tim ayam bawang,1
6,mangut tongkol tahu,1
21,ayam geprek,1
36,ayam garang asem,1
38,ayam goreng krutuk,1
17,kering tempe dan kentang,1
25,sayur sutace  sop tahu ceker ,1
12,tempe bacem,1
42,sup patin gurih,1
21,ayam penyet sambel kemangi,1
31,asem asem kambing,1
27,opor ayam simple,1
34,   pesmol ikan kerapu,1
45,kalio daging sapi,1
7,beef teriyaki,1
45,sayur ayam dan telur bumbu rendang,1
26,serundeng sapi,1
28,tongseng kambing,1
46,tahu tempe pedes manis,1
2,cah sawi hijau tahu putih,1
43,nugget tempe,1
36,rolade telur,1
26,ayam goreng pedas gila ala kfc,1
21,perkedel udang,1
40,mie ayam homemade by suami,1
36,tongkol tahu kuah santan,1
39,krengsengan kambing merah,1
35,cah wortel kubis telur,1
34,ayam goreng bakar kecap,1
47,gorengan kambing betawi,1
22,ayam penyet ala sy,1
33,udang goreng tepung sederhana,1
36,orak arik telur daging sapi,1
20,telur bumbu merah,1
35,pangsit goreng isi bihun telur,1
43,udang balado saus pasta,1
45,ikan kembung kecap,1
9,ayam asam manis,1
2,sayur tempe mix tahu alaala kari,1
9,kambing goreng kecap,1
40,tahu sumpel tahu isi sayuran,1
1,tahu isi akhir pekan ala anto,1
43,oseng tempe buncis,1
42,ayam kacang panjang saos hoisin,1
39,tahu udang tauco,1
3,sayur lodeh tempe semangit  bumbu ulek ,1
37,ayam brokoli saus teriyaki,1
44,sandwich telur mayo,1
30,ayam dan tempe goreng serundeng,1
34,bacem kambing goreng,1
19,tumis pucuk pepaya vs tempe,1
44,udang lada hitam,1
49,bubur sayuran dan daging sapi,1
17,dory fish popcorn ,1
49,tumis udang dan tahu,1
12,sambal balado telur bumbu rebus,1
16,ayam goreng tepung   kentucky,1
19,udang goreng tepung mentega,1
31,sup daging kambing sederhana,1
17,tumis kangkung tempe bosok,1
37,mangut lele asam pedas,1
16,tongseng kambing,1
8,tempe mendoan,1
18,tumis labu tahu rebon,1
12,sayur tempe lombok ijo,1
26,ikan mujaer bumbu kuning,1
45,orek tempe basah,1
47,telur bumbu bali,1
10,tahu aci ala ,1
7,spageti tuna keju,1
23,udang bakar madu,1
21,tahu saos padang,1
7,sambel udang pete,1
15,nasi kebuli kambing,1
7,ayam lodoh ala uti,1
48,misoa udang  batita ,1
50,pare ayam daging sapi,1
23,bola telur goreng,1
18,tumis tahu sayur,1
30,ikan nila goreng sambal dabu dabu,1
39,soto bandung  daging sapi   lobak ,1
18,kare ayam telor ala mamais,1
42,nasi kebuli kambing,1
17,sate tempe    yummy   max,1
31,tumis udang dan tahu,1
35,rendang daging kambing mudah nan enakk,1
45,tumis kacang panjang tahu tauco,1
3,beef teriyaki,1
43,bihun goreng   bakso sapi,1
26,tumis ayam pokcoy bumbu terasi,1
23,mujair saus pedas manis,1
39,tumis tempe kacang panjang,1
49,orek tempe pedas manis,1
29,bistik bola daging sapi,1
25,telur dadar ala padang,1
18,tahu krispi saus telur asin,1
16,chili tuna corn puff,1
42,bola bola tahu isi sosis,1
2,lele goreng gurih,1
35,tahu walik isi aci,1
34,oseng tongkol pedas,1
13,sate tahu   tempe  teflon ,1
18,tim telur,1
32,udang saus asam manis,1
39,beef stew dan mashed potatoes,1
29,sop kacang merah daging sapi,1
49,dory salted egg,1
44,tongseng kambing pedas,1
16,telur mix sayur beku  bandung recooksariutamikimdonghwa,1
44,cah sawi putih campur telur,1
10,beef black pepper cepat gampang,1
25,schotel telor,1
20,tuna lapis oat,1
1,ayam dan tempe goreng kunyit,1
3,telur masak tomat,1
14,kepala ikan bawal kuah kuning,1
30,pampis tongkol,1
18,udang saus lada hitam,1
37,sambal goreng atk  ampela tempe kentang  ala dapur fitri,1
48,tengkleng  sup kambing ,1
46,perkedel jagung cheddar  spesial udang dan lembut ,1
9,kembung pesmol,1
49,mie goreng udang by bunda les,1
24,tumis buncis daging sapi,1
12,ayam terong goreng balado,1
37,nuttget ayam sayur,1
37,broccoli cah daging sapi cincang,1
6,beef teriyaki,1
46,menu telur dadar ala ala padang,1
11,tahu rambutan,1
13,semur hati ayam dan kentang ala bunda raffa  no msg ,1
25,gulai tempe telor,1
4,tempe mendoan melet,1
8,combro   comro isi sambal tempe,1
29,tumis tempe kacang panjang,1
45,telur dadar minimalis dan sederhana,1
10,oseng kikil tahu,1
34,beef teriyaki,1
26,rawon daging sapi,1
49,telor dadar otak kambing,1
3,udang balado,1
6,tempe goreng sederhana,1
5,ayam tepung,1
47,nasi goreng kari kambing,1
49,tempe mendoan,1
35,martabak isi tahu pedas,1
49,tumis kacang panjang tempe,1
42,pesmol gurame,1
50,gulai padang ati sapi,1
17,ayam goreng tepung   kentucky,1
3,ayam kecap taoge,1
35,sop daging sapi rempah,1
47,tumis labu tahu rebon,1
9,sate kambing bumbu kecap,1
14,pempek telor no msg,1
34,semur telor simpel,1
41,bola bola daging sapi giling saus tomat yummy  diet gm hari ke       magic com,1
3,sate buntel kambing,1
28,tumis tempe  udang ati ampela,1
9,sawi tahu kuah sederhana,1
25,daging kambing tumis,1
12,semur ayam,1
9,gulai telur   kentang,1
40,tempe mendoan,1
5,balado telor kentang pete,1
34,beef oseng kecap,1
15,mie geprek  mie   ayam geprek ,1
8,telor dadar endol,1
5,tahu goreng isi sayur,1
26,semur daging sapi bahan simpel,1
6,ayam goreng bumbu kuning,1
48,beef sausage teriyaki w  salad,1
28,garang asem udang,1
13,tengkleng kambing khas solo tanpa santan,1
50,sapo tahu saus telur asin,1
45,chicken karaage,1
29,ayam mentega,1
3,tempe orek,1
40,tumis buncis udang wortel,1
40,udang tempe kuah santan,1
13,oseng udang pedas ,1
33,telur merah dadar pas pedasnya dan simpel,1
24,tumis kikil tahu exsta pedas,1
16,tauge tahu tumis,1
28,pecak bandeng pedes dower ala bunda nay,1
48,oseng cingur tempe,1
13,lele bumbu kuning,1
45,telor masak kecap,1
42,klotok cabe ijo,1
27,sarden kuah asam,1
7,ayam geprek bensu,1
43,nasi kebuli kambing,1
31,tongseng kambing  no msg ,1
42,telur petis teman lontong sayur,1
32,lele bumbu kuning,1
30,nasi liwet tempe bacem,1
31,mie ayam by dapur mama r m,1
36,bali kecap telur ayam,1
14,daging kambing oseng mercon,1
29,tumis udang tempe kacang panjang,1
39,sambal goreng udang,1
32,cireng isi tempe renyah,1
46,    kering balado tempe kacang pedas manis,1
49,potatoes cheese with egg,1
17,tenggiri kuah asam pedas,1
31,sapi garo rica tanpa kentang,1
24,tongkol tahu kuah santan,1
35,tahu bulat,1
6,tumis sarden telur ceplok ala fe ,1
30,tahu telur ceplok sambal granat ,1
10,potatoes cheese with egg,1
32,soto sapi,1
28,tongseng kambing dadakaan  d,1
15,tahu isi sambal,1
37,sambal goreng kentang ati sapi,1
22,toge goreng tahu,1
20,nasi bakar isi balado udang kentang,1
36,telur dadar daging,1
4,tongseng kambing non santan,1
17,bacem kambing goreng,1
22,spageti tuna keju,1
10,pizza sosis sapi keju simple dgn teflon,1
1,mie tulang ayam,1
26,tahu udang tauco,1
18,ikan tongkol kemangi,1
14,tongseng iga kambing,1
47,otak otak ikan tengiri,1
12,tempe mendoan,1
35,sup brenebron daging sapi endesss,1
12,tahu crispy cabe garam,1
29,beef teriyaki alatane,1
33,orak arik tempe,1
47,ayam bumbu kuning,1
32,beef lasagna kukus,1
11,semur kambing,1
23,orek tempe basah,1
34,telor dadar otak kambing,1
34,tahu telur kubis bumbu kecap,1
4,terung udang pedas,1
35,balado tongkol dan terong  torong ,1
41,seblak mie tulang ayam,1
15,sayur sop baso sapi,1
29,semur ayam  tahu  kentang,1
11,ice cream susu sapi,1
32,tahu saus tiram,1
47,daging sapi lada hitam,1
20,oseng tahu taoco,1
11,tempe tepung simple,1
3,sop iga sapi segar,1
44,telur mix sayur beku  bandung recooksariutamikimdonghwa,1
28,sambal goreng kentang ati sapi,1
21,spageti saus sarden balado keju,1
16,sop iga sapi kekinian,1
20,tumis kacang panjang udang,1
19,udang pete balado ala ugrdkitchen,1
5,sabal kecap   telur dadar gombal gambul,1
1,semur kambing,1
38,tumis tempe kacang panjang,1
34,sop bola  udang dengan kaldu udang,1
35,sosis udang,1
49,beef steak with bbq sauce,1
24,tumis udang tempe kacang panjang,1
18,egg roll lembut harum,1
44,japanese chicken katsu curry,1
27,orek tempe pedas,1
46,beef bowl   ,1
17,tempe saus mentega kw  ala anak kos ,1
8,kambing goreng kecap,1
27,oseng tempe pedas,1
50,ayam gepreeekk,1
3,salmon panggang oven dengan bayam dan jagung mashed potatoes,1
44,rica rica daging kambing,1
24,udang goreng mentega,1
3,beef teriyaki,1
46,tongseng kambing,1
25,nasi goreng kambing,1
14,pancake kimchi tuna,1
17,udang saus tiram,1
44,udang saus asam manis,1
36,sop kambing,1
38,pare udang masak taoco ala dapur ku,1
22,balado tongkol   tahu,1
2,menu telur dadar ala ala padang,1
8,gulai ikan tongkol,1
13,tongseng daging kambing sederhana,1
8,siomay ayam udang,1
18,tahu tempe telor bumbu bali ala mommies,1
18,telur dadar minimalis dan sederhana,1
47,sate kambing dan sate usus ayam bumbu kecap cabe tomat,1
38,tempe goreng,1
11,telur pindang,1
25,brokoli tumis daging sapi,1
38,telur dadar bawang bombay,1
8,sayur nangka kelapa sengara  iga sapi   enakkk,1
22,tumis oyong wortel tempe,1
24,oseng tempe kacang panjang udang,1
17,lontong kikil kaki kambing,1
46,tempe melet mercon,1
15,gulai daging kambing,1
22,sup ayam segarrrrr,1
20,nasi goreng kambing,1
10,bihun goreng   bakso sapi,1
32,ayam panggang teflon,1
33,ayam goreng tulang lunak,1
33,brokoli tumis daging sapi,1
41,gulai udang kol kacang panjang labu pedas gurih,1
30,balado udang pete,1
13,ayam ungkep bumbu kuning,1
26,lodeh tempe mix kulit sapi   cecek  bahasa jawa ,1
39,rica rica ayam no msg,1
38,sambel ati sapi,1
26,oseng tempe pedas,1
50,mie ayam solo,1
34,ayam krispy sambal matah,1
44,telor dadar sayuran,1
40,udang telur balado,1
3,sate buntel kambing,1
6,steak ayam,1
6,stik tahu  gorengan sehat  dengan bahan seadanya,1
39,ayam kecap sederhana,1
32,tongseng kambing,1
50,tongseng kambing,1
8,misoa udang  batita ,1
50,tumis bayam udang,1
20,sambal balado telur bumbu rebus,1
47,mujaer asam pedas manis,1
7,ikan tongkol segar kuah merah,1
20,japanese chicken katsu curry,1
4,telur dadar,1
22,lodeh tongkol tahu pedas,1
3,tahu cabe garam pk daun jeruk,1
41,oseng tempe gembus cabe ijo,1
42,ayam suwir,1
11,beef lasagna,1
12,ayam bumbu betutu,1
12,nasi goreng buntut sapi,1
25,telur pindang,1
19,tumis buncis tempe,1
46,telur cabe ijo,1
45,pepes udang kemangi,1
29,oseng tempe lombok ijo,1
32,ikan pesmol nila,1
44,orak arik tempe tahu teri,1
6,semur daging sapi bahan simpel,1
19,kari kambing keluarga,1
37,sup ayam telur kocok,1
41,semur kecap tahu telur,1
3,sambal goreng hati sapi,1
10,bola bola kornet sapi,1
35,pepes tuna kemangi,1
29,udang kecap mentega,1
15,pecak bandeng pedes dower ala bunda nay,1
7,cilor aci telor ala bandung,1
49,daging sapi lada hitam,1
21,soto ayam,1
24,nila goreng cabe ijo,1
37,tongseng kambing enak,1
28,telur dadar bumbu kemiri,1
20,tumis beef burger  menu balita  y  ,1
24,tempe bacem mantap,1
49,beef lasagna kukus,1
32,bakso tempe,1
36,telur bumbu merah,1
34,orek tempe kacang teri simple,1
36,tengkleng kambing solo,1
15,telur kuah simpel,1
36,tumis kacang panjang udang,1
39,balado udang pete,1
12,kering tempe,1
45,sop tulang kambing,1
40,ayam koloke,1
15,bakwan udang sederhana,1
35,beef yakiniku,1
8,ayam goreng tepung,1
48,tuna   tongkol suwir pete,1
23,ati ampela plus telur sambel tomat,1
44,sop kambing,1
14,ayam goreng tulang lunak,1
37,oseng  kulit sapi   tahu,1
38,tahu petis musim ujan,1
41,sup gurame honje,1
47,ayam suwir,1
39,sambal goreng udang pedas manis,1
20,ayam serundeng,1
39,rolade kornet sapi,1
17,beef teriyaki,1
25,nugget ayam wortel,1
2,lodeh tongkol tahu pedas,1
37,   gulai ikan kakap merah khas padang,1
1,telor balado simple,1
12,sambal udang tahu petai,1
36,pindang bandeng kecap,1
23,orak arik telur endolita,1
31,balado telor kentang pete,1
10,tempe orek kentang pedas manis,1
14,gulai daging kambing,1
10,tempe saus mentega kw  ala anak kos ,1
10,rendang sapi simple,1
30,telur dadar spesial hari ini,1
1,ayam geprek bensu,1
20,udang goreng tepung mentega,1
43, notitle ,1
1,acar ikan nila,1
20,telur tumis kecap,1
43,minyak udang,1
47,pepes tahu,1
37,ikan tenggiri pesmol segar,1
49,orek tempe telor,1
44,balado udang pete,1
28,kembang telor kuah telor,1
15,udang kuah bumbu,1
44,telor dadar endol,1
20,gulai udang dengan daun ubi,1
14,tempe mendol,1
9,oseng oseng tulang kambing pedas,1
37,martabak isi tahu pedas,1
26,sapi tumis wortel saus tiram pedas nikmat,1
1,chicken wings cola,1
35,    ayam penyet,1
37,udang sambal petai  sangat sederhana ,1
5,tahu krispi saus telur asin,1
49,nasi goreng kambing,1
14,kikil tahu sambal,1
42,    lele goreng krenyes no amis,1
50,tumis tahu kacang panjang,1
43,sup ayam brokoli,1
34,ayam bakar bumbu kari,1
50,sambal goreng kentang udang,1
39,tumis tahu sayur,1
47,fillet gurame saos pedas manis,1
50,tongseng daging sapi,1
44,telur ceplok balado,1
20,ayam saos mentega ala mama kina,1
45,mangut lele  tanpa santan ,1
16,pepes tahu   udang,1
42,daging sapi   tahu masak santan,1
8,nasi goreng telur,1
1,tahu cabe garam,1
8,oseng oseng kambing,1
32,mie goreng sosis telur,1
5,nugget tempe simple,1
22,tahu lada hitam simple,1
34,    orek tahu warna warni,1
26,fillet gurame saos pedas manis,1
10,roti telur keju,1
50,tumis udang brokoli minimalis,1
17,orek tempe basah,1
8,spageti saus sarden balado keju,1
40,udang asam manis glowing,1
12,bakso urat daging sapi,1
8,tomyam  jawa  ikan patin sederhana dan praktis,1
46,udang tepung sederhana,1
33,sayur tempe mix tahu alaala kari,1
19,tumis telur pasta ab,1
16, sambal goreng hati sapi dan tempe   ketopad,1
48,tumis tahu kacang panjang,1
41,sambal tempe semangit,1
28,sambal goreng udang,1
50,tongseng iga kambing,1
6,pindang tulang  kambing ,1
9,tahu krispi saus telur asin,1
41,tumis labu tahu rebon,1
48,sop daging sapi rempah,1
9,udang sambal petai  sangat sederhana ,1
13,tahu crispy simple,1
41,soto daging sapi,1
4,tempe mendoan,1
38,gurame goreng tauco,1
4,sambel tempe ala rhpawonalit,1
19,telur dadar dengan minyak wijen,1
34,orak arik tempe tahu teri,1
13,perkedel tahu wortel sederhana,1
23,lapis daging sapi,1
45,oseng bayam telur,1
1,menu telur dadar ala ala padang,1
7,oseng   oseng tempe,1
21,sayur tempe lombok ijo,1
1,oseng tahu goreng coklat with kol kubis,1
7,mie ayam solo,1
21,nasi goreng udang mantapp,1
29,pindang telur  kecap ,1
33,ikan tenggiri pesmol segar,1
32,tempe isi kekinian,1
35,nasi bakar isi udang sambal balado,1
38,tumis bayam udang,1
11,semur hati sapi,1
8,orek tempe,1
14,semur daging sapi,1
2,daging sapi teriyaki,1
9,tahu balado aku,1
21,udang bakar madu,1
8,tongseng sapi,1
2,ikan mas cabe ijo ala fe ,1
28,nasi kebuli kambing,1
29,tumis tahu tauge,1
25,ayam bakar pedas manis resep  nila sari,1
5,gurame asam manis seadanya,1
37,sapi lada hitam,1
44,tekwan kuah udang,1
15,ayam asam manis rumahan citarasa resto,1
48,tumis ikan kembung,1
6,tumis kangkung udang terasi pedas,1
50,mujair saus pedas manis,1
43,tahu petis musim ujan,1
21,tongkol suwir pedas manis,1
43,tahu cabe garam,1
16,tumis udang dan tahu,1
15,beef steak with bbq sauce,1
36,rica rica daging kambing,1
15,pampis tongkol,1
21,mie ayam rica rica,1
22,tumis kulit sapi,1
34,opor ayam dan telur,1
4,tahu bulat,1
46,tempe tepung simple,1
29,orak arik telur daging sapi,1
28,ikan kembung goreng saus kecap pedas,1
8,sapo tahu simple,1
42,orak arik telur,1
30,steak tempe sederhana,1
2,pepes tahu udang kemangi   pare,1
13,kambing masak kecap,1
26,telor masak kecap,1
30,balado telur tahu teri pete pedes,1
7,tahu telur,1
44,tumis tempe kacang panjang,1
39,nasi goreng buntut sapi,1
31,tempe goreng mentega,1
49,balado udang pete,1
42,bola bola daging sapi giling saus tomat yummy  diet gm hari ke       magic com,1
36,tumis sarden banten   tahu,1
4,cilok udang sederhana ala anak rantau,1
7,udang balado,1
1,tahu rambutan,1
45,telur ceplok manis pedas,1
47,beef teriyaki,1
13,sayur sop baso sapi,1
22,tahu tempe bacem,1
21, sate kambing goreng lada hitam,1
28,sayur tumis pakis udang,1
26,sop kambing,1
15,ayam saos asam manis simple,1
24,mayo hot sarden,1
42,sop kambing kuah bening,1
24,sambalado ati kambing,1
49,tumis tahu tauge,1
27,balado telur bulat,1
4,soto ayam surabaya,1
24,tumis kambing kecap,1
36,gulai pakis tahu ikanasin,1
39,tumis toge tahu,1
25,ayam ukep,1
19,tempe mendoan,1
10,daging sapi cincang  isian roti goreng ,1
50,kikil kambing pedas manis,1
47,orek tempe,1
35,bola bola tahu isi sosis,1
34,nasi goreng kambing,1
21,terung udang pedas,1
22,telur dan terong sambel,1
37,sayur tempe lombok ijo,1
35,bakso urat daging sapi,1
7,tahu paprika teriyaki ala fe ,1
11,serundeng kambing,1
9,krengsengan kambing,1
13,sate kambing maranggi,1
25,sukiyaki beef enoki dan tahu,1
35,balado tongkol   tahu,1
21,steak tempe sederhana,1
3,orek tempe cabai hijau,1
39,udang saus,1
49,ikan tongkol segar kuah merah,1
39,telur gulung keju,1
46,oseng tempe buncis,1
4,martabak tahu,1
38,sop tulang iga kambing,1
32,rica ceker tahu,1
45,sayur tahu jengkol,1
36,krengsengan kambing merah,1
37,pecak bandeng pedes dower ala bunda nay,1
36,pare nenek udang,1
9,nasi goreng kambing,1
33,tumis buncis udang,1
6,ikan bawal sambel mata kecap ala bumill aziiipppp,1
39,lamb cop steak kambing,1
13,gulai kambing,1
2,tumis beef burger  menu balita  y  ,1
5,nasi goreng cakalang,1
27,ayam kecap taoge,1
21,lidah sapi cabe hijau,1
38,tempe goreng tepung,1
50,ayam ukep bumbu sederhana,1
44,ikan kembung balado,1
3,sup patin gurih,1
6,tahu saus tiram,1
23,tahu rambutan,1
2,sop kambing favorit,1
17,tahu udang tauco,1
34,telor balado,1
30,ayam ungkep bumbu kuning,1
8,kari kambing keluarga,1
44,sandwich telur,1
36,tim ikan kakap merah ala fe ,1
13,bola telur goreng,1
31,orak arik telur endolita,1
16,gulai daging kambing,1
30,rawon kambing,1
16,kikil tahu sambal,1
17,balado takoler  kentang  jengkol  telor ,1
12,tempe mendoan goreng,1
20,tongseng kambing,1
16,oseng tempe   kacang panjang,1
45,telur balado,1
28,tongseng kambing tanpa santan,1
40,krengsengan tulangan kambing,1
5,tumis buncis wortel udang,1
40,telor balado pete,1
44,tongkol sarden pete uendesss,1
30,pangsit rebus isi ayam simple,1
20,somay ayam udang empuk,1
22,beef lasagna,1
8,tumis buncis pakai udang,1
32,tahu krispi saus telur asin,1
16,gule lele plus ,1
38,bacem tempe mentega,1
34,sate kambing maranggi,1
14,udang goreng mentega simple,1
33,udang tempe kuah santan,1
50,daging sapi cincang taousi cah buncis,1
2,tongkol suwir  pampis  asem manis,1
21,sukiyaki beef enoki dan tahu,1
27,lumpia isi daging sapi   kol,1
9,kari gulai gurame,1
11,sapi semur panggang teflon,1
23,tempe katsu,1
4,balado telur,1
6,triple s egg and chicken  sweet  sour  spicy ,1
22,udang saus tiram,1
15,sup patin gurih,1
37,gulai ayam,1
42,ayam bakar pedas manis resep  nila sari,1
47,gulai kambing,1
42,sate kambing solo,1
18,telur masak tomat,1
35,lodeh krecek tahu tempe,1
24,tempe melet seuhah,1
14,ayam goreng serundeng,1
3,balado udang,1
7,sup brenebron daging sapi endesss,1
14,mie ayam,1
15,macaroni telur,1
35,tengkleng kambing solo,1
27,ayam serundeng,1
35,balado telur,1
14,udang tepung oatmeal telor asin,1
18,martabak telur udang,1
10,tempe mendoan,1
2,beef steak with bbq sauce,1
33,gulai ayam,1
31,sambel udang pete,1
1,tahu crispy ekonomis,1
16,sate goreng sapi,1
46,ikan kembung balado,1
3,pecak ikan mujaer,1
41,sop kaki sapi,1
25,tempe goreng super crispy   lembut,1
34,sate telur,1
21,soto sapi,1
4,kambing goreng empuk,1
15,kering tempe harum,1
45,udang goreng polos,1
12,udang sambal pete,1
32,sup ayam segarrrrr,1
13,bledek kambing,1
14,tumis pedas manis tempe buncis,1
18,sambal goreng kentang ati sapi,1
6,daging kambing bumbu lapis,1
29,ayam asam manis rumahan citarasa resto,1
2,gulai pakis tahu ikanasin,1
23,tumis sarden telur ceplok ala fe ,1
31,mung tahu ,1
5,telur bumbu merah,1
34,rendang daging sapi kentang,1
25,daging kambing masak kecap,1
11,kambing masak tomat   daging empuk  tidak bau  dan anti ribet,1
31,sop tahu fantasi,1
15,sarden   sosis,1
23,steak ayam saos lada hitam,1
9,sambal goreng kentang cornet tahu,1
21,telur kecap ikan,1
28,spicy chicken drumstick,1
46,tumis daging sapi brokoli ala d kost,1
7,tahu bakso geprek,1
16,tongseng sapi,1
33,semur telur ayam,1
4,ikan asin  t terong  tempe ,1
40,cah kangkung sapi,1
37,schotel telor,1
29,sup daging sapi,1
36,pentol ayam bumbu kecap,1
38,telur dadar padang,1
50,sup tahu pedas,1
37,pakis  daging  tempe  santan,1
35,kambing goreng simple with kecap cabe,1
27,sup ayam segarrrrr,1
22,sate tempe    yummy   max,1
7,sambal udang goreng,1
22,temro tempe dijero  didalam ,1
2,udang  tempe  terong balado,1
27,tongkol balado rawit,1
38,oseng mie tempe ala qeela s kitchen,1
21,serundeng kambing,1
23,udang saos padang,1
39,lasagna beef,1
1,asinan tahu melotot,1
21,tumis bayam udang,1
50,chili tuna corn puff,1
21,tumis tempe dan kepala cumi,1
18,kalio ayam ala diana s kitchen,1
32,gulai ayam,1
17,soto bandung  daging sapi   lobak ,1
49,tongseng kambing empuk,1
11,tongseng kambing,1
21,mangut lele  tanpa santan ,1
26,soto babat kambing madura,1
4,tongseng kambing ,1
48,sambel goreng udang tahu,1
18,krengsengan kambing merah,1
35,udang goreng mentega,1
29,telur gulung sosis,1
29,telur dadar gulung korea  gyeranmari ,1
42,ayam koloke,1
42,balado tongkol dan terong  torong ,1
49,opor ayam kuah susu    ,1
17,tahu udang tauco,1
9,ikan bawal sambel mata kecap ala bumill aziiipppp,1
1,tahu saus tiram,1
48,ayam goreng pedas gila ala kfc,1
33,martabak tahu kulit lumpia,1
50,udang saos padang,1
40,asem pedes iga sapi,1
28,rica rica daging kambing,1
34,lidah sapi cabe hijau,1
22,chicken katsu,1
49,ayam bumbu kuning,1
17,tumis beef burger  menu balita  y  ,1
23,beef teriyaki lada hitam,1
45,tumis sarden telur ceplok ala fe ,1
5,tim telur,1
44,kari gulai gurame,1
23,soto ayam,1
8,tumis sawi sendok pete daging sapi,1
8,nugget tempe,1
23,ayam asam manis rumahan citarasa resto,1
1,tempe mendoan,1
24,semur tahu telor,1
24,tahu sumpel tahu isi sayuran,1
5,tongseng ayam,1
21,sup ayam telur puyuh ncc untuk si kecil so simple,1
31,lele sambal simpel,1
36,gulai kacang panjang tempe,1
15,bubur oat ayam tahu,1
7,rabeg kambing,1
28,marak  sop kambing khas timur tengah ,1
43,patin asam pedas,1
5,bistik rolade sapi,1
30,sup ayam telur kocok,1
8,tahu tempe telor bumbu bali ala mommies,1
10,oseng tempe buncis,1
47,sambal goreng hati sapi kentang,1
48,oseng tahu dan sayuran,1
17,tumis tahu sayur,1
8,martabak telur udang,1
40,tumis kentang daging sapi,1
9,bulgogi daging sapi simpel,1
15,rawon daging sapi khas jawa timur,1
3,orek tempe,1
36,dadar tahu telur,1
4,tempe orek iris,1
41,semur ayam bumbu merah,1
25,mayo hot sarden,1
50,udang lada hitam,1
21,tempe mendoan,1
12,udang tempe kuah santan,1
40,sukiyaki beef enoki dan tahu,1
13,tumis tempe dan kepala cumi,1
32,pindang ikan patin,1
16,telur bumbu bali,1
32,daging sapi   tahu masak santan,1
34,steak daging kambing crispy ala ala,1
10,empal serundeng daging sapi,1
17,bihun goreng   bakso sapi,1
18,tumis ayam pokcoy bumbu terasi,1
9,sambal goreng atk  ampela tempe kentang  ala dapur fitri,1
40,udang goreng mentega,1
14,pentol ayam bumbu kecap,1
25,orek tempe cabe hijau,1
22,oseng tongkol pedas,1
20,tahu tempe isi mercon,1
44,telur bumbu bali,1
46,soto ayam kediri,1
21,mie ayam abang ,1
32,tahu isi sambal,1
39,nila bakar,1
12,potatoes cheese with egg,1
47,tempe goreng telur,1
21,telur dadar ala padang,1
21,tahu tempe bacem ala anak kost,1
8,lele sambel kemangi terasi,1
40,oseng jantung ayam sayur,1
7,bistik kambing sambal matah,1
44,udang ala pop corn,1
11,pempek kulit ikan tenggiri,1
22,kari kambing keluarga,1
43,telor masak kecap,1
22,tongseng daging sapi,1
29,udang saus tiram,1
18,sukiyaki beef enoki dan tahu,1
29,seblak tulang ayam ala jeletet murni,1
15,salmon cream blackpepper,1
27,tempe bacem mantap,1
31,gulai telur   kentang,1
23,siomay ayam udang,1
44,ikan kembung kuah santan,1
22,tempe mendoan krispi,1
37,tempe goreng asin,1
33,nasi kebuli kambing  suasana idul adha,1
3,tongseng kambing,1
19,ayam suir bali  bemesere bali ,1
29,jangan tempe tahu,1
39,ayam brokoli saus teriyaki,1
47,ca sawi telur,1
37,tahu kecap pedas,1
8,guleli pala nila no kolestrol,1
16,orek tempe pedas,1
1,botok jamur tahu udang,1
5,tongseng kambing,1
1,udang goreng tepung pedas,1
40,semur tahu telor,1
32,sosis udang,1
42,tumis buncis udang wortel,1
43,kakap goreng asam saus bawang,1
10,macaroni telur,1
46,yamie ayam,1
27,tumis buncis bakso sapi,1
2,rawon daging sapi,1
48,asinan tahu melotot,1
9,gulai kambing,1
36,tongseng daging kambing,1
42,sate kambing goreng,1
12,lodeh kacang   ceker ayam,1
14,pepes tahu pedas,1
34,pempek udang rebon isi telur dadar,1
20,sop kambing,1
16,tumis kacang panjang udang tahu,1
31,tahu cabe garam,1
6,balado udang pete,1
19,tahu isi sayuran,1
4,tahu   tempe   teri pedas manis,1
4,martabak isi tahu pedas,1
10,tongseng kambing,1
35,tumis tahu tauge,1
37,udang asam manis oregano,1
21,sate goreng sapi,1
40,sambel ati sapi,1
21,ayam geprek,1
38,daging sapi teriyaki,1
4,soto ayam kuah bening,1
45,martabak isi tahu pedas,1
17,oseng tahu,1
7,tongseng kambing enak,1
29,sop kambing,1
3,bola bola tempe isi telur,1
37,chilli tuna puff kilat super yummy ,1
4,udang balado,1
24,chicken katsu,1
30,sambel goreng hati kambing dan kentang,1
19,soto ayam,1
19,udang crispy,1
46,ayam goreng mentega,1
22,gorengan kambing betawi,1
45,oseng tahu goreng coklat with kol kubis,1
30,telur dadar,1
38,pepes tahu jamur,1
31,beef steak,1
19,ikan patin asam padeh  pedas ,1
45,gulai kambing ala momz rafbyan,1
30,tumis ayam pokcoy bumbu terasi,1
49,perkedel tahu simpel,1
33,mangut tongkol tahu,1
49,oseng tetelan sapi,1
28,oseng tetelan sapi,1
47,soto daging sapi,1
45,cap cay ayam,1
17,    ayam penyet,1
4,dendeng kambing sambal balado,1
48,terik tahu tempe labu siam jipang,1
27,kembung pesmol,1
6,tempe mercon kekinian,1
14,pentol ayam bumbu kecap,1
11,bakwan sayuran n udang,1
9,sate kambing goreng,1
16,oseng  kulit sapi   tahu,1
10,soto ayam surabaya,1
3,beef sausage teriyaki w  salad,1
43,embes embes tempe banyumasan,1
30,avocado tuna salad,1
45,tongseng kambing,1
17,sambal goreng udang buncis,1
19,tahu telor bumbu kacang,1
35,telur kukus praktis dan sehat,1
26,kikil kambing pedas manis,1
29,sosis udang,1
37,tumis buncis wortel udang,1
49,sop kerewedan sapi simple,1
10,tongseng iga kambing,1
5,klotok cabe ijo,1
6,sambal tempe semangit,1
4,krengsengan kambing sederhana,1
39,bihun goreng tabur telur,1
50,roti kasur isi daging sapi,1
1,rawon daging sapi,1
36,udang balado,1
41,sayur lodeh tahu,1
46,udang goreng mentega,1
44,soto ayam kuah bening,1
31,sambel tempe semangit kemangi,1
24,beef bowl   ,1
36,sup kambing,1
30,ikan pindang telur balado,1
44,gulai daging kambing,1
30,telur dadar cah tauge,1
28,terik daging dan hati sapi,1
35,tumis udang bumbu saus tiram,1
28,ikan dencis bumbu sarden pedas nyemek nyemek,1
10,balado udang,1
16,sayur lodeh tahu,1
31,stek tempe,1
25,gulai ayam,1
6,nugget tempe keju,1
9,udang goreng pedas gurih,1
36,tumis tempe kemangi,1
43,gulai kambing aceh,1
18,ikan kembung bakar teflon,1
43,   telur dadar kelapa parut,1
21,ayam suwir bali,1
50,balado udang pete,1
27,jangan tempe tahu,1
6,gulai kambing,1
15,tumis udang brokoli minimalis,1
32,udang saus tiram,1
11,lodeh tatem tahu tempe ,1
24,sayur tempe lombok ijo,1
48,ayam gepreeekk,1
21,tahu telor bumbu kacang,1
26,ikan kembung bakar,1
14,tumis kolor ijo  kol telor cabe ijo  ,1
37,pindang tongkol bumbu tomat,1
21,pepes tahu kemangi,1
5,tahu goreng sambel kecap,1
23,tempe mendoan stick,1
37,beef oseng kecap,1
49,nasi goreng udang mantapp,1
25,japan beef teriyaki,1
12,pepes tuna kemangi,1
41,cap cay ayam,1
50,nasi kebuli kambing,1
4,bakso sapi kenyal pakai blender,1
42,tahu cabe garam,1
7,tongseng daging kambing,1
33,tengkleng kambing khas solo tanpa santan,1
24,tumis kacang panjang tempe,1
34,nugget ayam wortel,1
43,oseng cingur tempe,1
39,tempe salted egg,1
49,tongseng kambing jogja  otentik warisan mertua ,1
34,sapi lada hitam,1
46,    ayam penyet,1
34,orek tempe ikan cuwe ,1
10,japan beef teriyaki,1
5,tempe   tahu bacem,1
22,sayur tahu cabe kentang,1
2,semur daging sapi,1
34,sapo tahu simple,1
48,sarden pindang tongkol bumbu iris,1
39,tahu saos padang,1
12,somay ikan tuna,1
47,nugget udang tahu  nugget uhu ,1
38,udang goreng polos,1
10,nasi kebuli kambing   pr asianfood ,1
49,kwetiau rebus daging sapi,1
32,pempek tengiri,1
21,kari kambing,1
26,tongkol suwir,1
4,nasi goreng udang oriental,1
22,sayur tempe lombok ijo,1
40,seblak tulang ayam ala jeletet murni,1
15,sate tempe madu  sampedu ,1
28,daging sapi lada hitam simple,1
27,gongso ayam   telur,1
41,tongseng kambing,1
28,tahu cabe garam,1
49,ikan bawal sauce padang,1
2,udang balado simpel,1
3,shrimp chilli sauce,1
44,seafood kuah santan plus tahu dan kacang panjang,1
42,sapo tahu brokoli,1
35,mie goreng sapi brokoli,1
39,telur gulung sosis,1
23,bakarica kambing,1
50,talor  tahu telor ,1
19,kroket daging kambing   tips agar kambing ga bau prengus,1
11,kari kambing ala bundo,1
12,tumis tempe kacang panjang,1
8,bakwan sayur udang,1
28,nasi goreng komplit  sosis  bakso ikan dan telor ceplok ,1
36,ikan mas goreng,1
21,tahu telur kubis bumbu kecap,1
9,sate kambing,1
15,pare udang masak taoco ala dapur ku,1
46,gadon tahu,1
18,sop tulang iga kambing,1
20,telur dadar dengan minyak wijen,1
12,ikan kembung rica rica,1
7,jamur tiram sapi saus teriyaki,1
3,bakso sapi keto  keto  ketopad  ketofy  ketofastosis,1
3,sop ikan patin,1
50,udang saus telor asin,1
40,ikan patin asam manis,1
33,ayam bacem uenakkk,1
1,tahu cabe garam,1
8,nasi kabsah kambing  pr asianfood,1
32,udang goreng saus padang,1
48,oseng tempe pete,1
37,ikan patin,1
30,sapi lada hitam,1
46,udang saus asam manis ,1
19,krecek kambing,1
9,tumis udang tempe kacang panjang,1
11,beef stew dan mashed potatoes,1
16,tumis tahu sosis,1
45,dimsum ayam udang kukus,1
21,tongseng kambing,1
13,semur kentang  tahu   telur puyuh  ktt ,1
4,sambal goreng hati sapi,1
38,tumis kacang panjang tempe,1
31,tempe mendoan melet,1
27,udang goreng crispy,1
25,kare ayam ,1
33,ayam suwir bali,1
25,tumis udang kangkung,1
34,tempe katsu,1
5,rolade ayam tahu,1
28,bola telur goreng,1
9,sandwich telur,1
38,tumis telor ceplok,1
6,ayam goreng mentega,1
44,omelet telur panggang ala thailand,1
11,omlet telur  debm ,1
47,telur dadar bumbu kemiri,1
44,sarden   sosis,1
21,bola bola tempe isi telur,1
34,bistik bola daging sapi,1
3,lontong kikil kaki kambing,1
28,udang bakar madu ,1
26,tempe goreng telur,1
28,udang saus tiram,1
26,spicy chicken drumstick,1
33,serundeng sapi,1
35,tempe mendoan,1
34,ayam garang asem,1
47,tumis sarden banten   tahu,1
11,gulai kepala sapi,1
23,tahu goreng isi sayur,1
22,nila goreng sambal matah,1
5,rendang daging kambing mudah nan enakk,1
11,daging sapi lada hitam,1
15,udang tempe kuah santan,1
35,gurame saos mangga,1
20,burger with homemade beef patty,1
16,tumis oseng  buncis wortel dg udang bakso,1
2,pecak ikan mujaer,1
40,sate lilit ayam praktis,1
28,terik tahu tempe labu siam jipang,1
39,ikan mas cabe ijo ala fe ,1
9,combro   comro isi sambal tempe,1
1,sop daging sapi,1
23,sate kambing empuk,1
3,tongseng kambing enak,1
25,tumis udang dan tahu,1
38,mie ayam solo,1
21,rolade ayam tahu,1
46, sambal goreng hati sapi dan tempe   ketopad,1
36,gule lele plus ,1
17,sop iga kambing,1
9,udang goreng bawang putih,1
13,tahu isi a k a tahu susur endesss,1
18,lontong tahu,1
33,asem asem kambing,1
27,tongkol suwir pedas manis,1
27,kentang goreng dan orek telor,1
46,tengkleng kambing manis,1
14,nasi kabsah kambing,1
8,tongseng kambing,1
35,tempe goreng ketumbar,1
30,geneman urang  udang ,1
20,udang asam manis glowing,1
25,gurame crispy saus tiram brokoli,1
24,ikan dencis bumbu sarden pedas nyemek nyemek,1
26,sop kambing favorit,1
23,kari kambing keluarga,1
48,steak ayam saos lada hitam,1
46,beef lasagna kukus,1
3,tahu telor bumbu kacang,1
19,tumis tauge buncis tempe,1
28,gulai nangka lemak sapi ala fm,1
45,telur ceplok asam manis,1
14,sup tahu pedas,1
9,oseng tetelan sapi,1
19,beef enoki teriyaki,1
14,tahu udang tauco,1
38,pempek udang rebon isi telur dadar,1
36,bihun goreng   bakso sapi,1
17,gulai ikan mas kacang panjang,1
9,sarden abc masak kemangi,1
33,opor ayam telor tahu,1
25, sambal goreng hati sapi dan tempe   ketopad,1
11,kalio daging sapi,1
35,perkedel tahu wortel sederhana,1
14,ayam bakar simple,1
41,tempe menjes merakyat,1
4,bakso urat daging sapi,1
8,oseng kambing kecap asam manis simple,1
41,mendhol tempe,1
46,tempe salted egg,1
41,orek tempe telor,1
16,dory salted egg,1
49,ikan patin asam padeh  pedas ,1
30,   pesmol ikan kerapu,1
35,sayur nangka kelapa sengara  iga sapi   enakkk,1
46,tempe bacem mantap,1
21,tumis labu udang,1
21,tahu telur ala surabaya  siram sambel pecel ,1
48,telur ceplok masak tauco,1
37,balado udang pete,1
44,balado udang pete,1
9,cireng telur mini,1
9,seblak toge telur,1
35,krengseng tulang sapi,1
34,gule kambing gurih,1
32,tahu cabe garam,1
8,telur pindang,1
23,gulai tempe telor,1
40,tumis tuna,1
12,siomay ayam udang,1
47,tongseng kambing,1
41,tongseng kambing,1
26,sup daging sapi,1
29,tuna goreng crispy saus teriyaki,1
40,soto kambing kuah bening mang yudi   pr homemadestreetfood ,1
38,udang tepung oatmeal telor asin,1
29,ayam geprek manyuss,1
4,udang pete saus kecap,1
7,ikan kembung sarden,1
28,semur daging sapi,1
22,ayam richeese saos fire   keju,1
45,sop kikil  kaki kambing ,1
22,orek tempe basah bumbu ulek  recook ,1
2,peyek udang,1
34,pempek adaan tenggiri,1
41,tumis udang sayur,1
8,tahu bulat,1
38,telur merah dadar pas pedasnya dan simpel,1
